{
"num_alphas": 4,
"num_betas": 7,
"num_d_elev": 9,
"num_d_rudder": 11,
"alphas": [-10.0, -5.0, 0.0, 5.0],
"betas": [-15.0, -10.0, -5.0, 0.0, 5.0, 10.0, 15.0],
"d_elev": [-20.0, -15.0, -10.0, -5.0, 0.0, 5.0, 10.0, 15.0, 20.0],
"d_rudder": [-25.0, -20.0, -15.0, -10.0, -5.0, 0.0, 5.0, 10.0, 15.0, 20.0, 25.0],
"Cl_tail": [[-0.0016, -0.0007, 0.0002, 0.0011, 0.002, 0.0029, 0.0037, 0.0046, 0.0055, 0.0065, 0.0076],
            [-0.0031, -0.0022, -0.0013, -0.0003, 0.0006, 0.0015, 0.0024, 0.0034, 0.0043, 0.0052, 0.0062],
            [-0.0046, -0.0037, -0.0028, -0.0018, -0.0009, 0.0001, 0.001, 0.002, 0.0029, 0.0039, 0.0048],
            [-0.0061, -0.0052, -0.0042, -0.0033, -0.0023, -0.0014, -0.0004, 0.0006, 0.0015, 0.0025, 0.0034],
            [-0.0076, -0.0066, -0.0057, -0.0047, -0.0038, -0.0028, -0.0019, -0.0009, 0, 0.001, 0.0019],
            [-0.009, -0.0079, -0.0069, -0.006, -0.005, -0.0041, -0.0032, -0.0023, -0.0013, -0.0004, 0.0005],
            [-0.0108, -0.0094, -0.0082, -0.0072, -0.0063, -0.0054, -0.0045, -0.0036, -0.0028, -0.0019, -0.001]],
"Cm_tail": [[1.1176, 0.88685, 0.6561, 0.42535, 0.1946, -0.03615, -0.2669, -0.49765, -0.7284],
            [0.9239, 0.69315, 0.4624, 0.23165, 0.0009, -0.22985, -0.4606, -0.69135, -0.9221],
            [0.7297, 0.49895, 0.2682, 0.03745, -0.1933, -0.42405, -0.6548, -0.88555, -1.1163],
            [0.5406, 0.30985, 0.0791, -0.15165, -0.3824, -0.61315, -0.8439, -1.0746, -1.3054]],
"Cn_tail": [[0.018, 0.0111, 0.0042, -0.0027, -0.0096, -0.0165, -0.0234, -0.0303, -0.0373, -0.0446, -0.0524],
            [0.0269, 0.0197, 0.0125, 0.0053, -0.0018, -0.009, -0.0162, -0.0234, -0.0306, -0.0378, -0.0451],
            [0.0356, 0.0283, 0.0209, 0.0136, 0.0063, -0.0011, -0.0084, -0.0158, -0.023, -0.0303, -0.0377],
            [0.0441, 0.0367, 0.0293, 0.0219, 0.0146, 0.0072, -0.0002, -0.0076, -0.015, -0.0224, -0.0298],
            [0.0521, 0.0447, 0.0374, 0.03, 0.0227, 0.0153, 0.008, 0.0006, -0.0067, -0.014, -0.0214],
            [0.0603, 0.0522, 0.0448, 0.0376, 0.0304, 0.0232, 0.016, 0.0088, 0.0017, -0.0055, -0.0127],
            [0.0689, 0.0598, 0.0518, 0.0444, 0.0375, 0.0306, 0.0237, 0.0167, 0.0098, 0.0029, -0.0039]]
}
