{
  "reynolds_number": 5000000.0,
  "num_alphas": 6,
  "num_betas": 1,
  "num_deltas": 8,
  "alphads": [
    -4.0,
    -2.0,
    0.0,
    2.0,
    4.0,
    6.0
  ],
  "deltads": [
    -100.0,
    -80.0,
    -60.0,
    -40.0,
    -20.0,
    -15.0,
    -10.0,
    0.0
  ],
  "flap_list": [
    0,
    0,
    1,
    1,
    0,
    0,
    0,
    0
  ],
  "Sref": 32.9285,
  "Cref": 1.2831,
  "Bref": 25.6626,
  "Mach": 0.17151,
  "CZ_offset": [
    [
      [
        0.1145655930520717,
        0.1145655930520717,
        0.1145655930520717,
        0.06783060388394979,
        0.018577996260038088,
        0.01302944508855286,
        0.0,
        0.0
      ],
      [
        0.09764005963490541,
        0.09764005963490541,
        0.09764005963490541,
        0.04737745343027,
        0.006269981777832223,
        0.005595373286332084,
        0.0,
        0.0
      ],
      [
        0.10412091962201697,
        0.10412091962201697,
        0.10412091962201697,
        0.04467249011873986,
        0.0015683418930070303,
        0.0023181304713852935,
        0.0,
        0.0
      ],
      [
        0.17163355630225374,
        0.16865345379770558,
        0.13001717301340743,
        0.05572471394936063,
        0.002333076605564921,
        0.0021277166437154715,
        0.0,
        0.0
      ],
      [
        0.23916740698250427,
        0.22858118552162665,
        0.17784925482258784,
        0.08697161488538718,
        0.013197265710024997,
        0.007560923808213715,
        0.0,
        0.0
      ],
      [
        0.3300411042605478,
        0.33190174051989185,
        0.2801886000630667,
        0.17490168289007268,
        0.053686989000908625,
        0.02820954396977582,
        0.0,
        0.0
      ]
    ],
    [
      [
        0.1145655930520717,
        0.1145655930520717,
        0.1145655930520717,
        0.06783060388394979,
        0.018577996260038088,
        0.01302944508855286,
        0.0,
        0.0
      ],
      [
        0.09764005963490541,
        0.09764005963490541,
        0.09764005963490541,
        0.04737745343027,
        0.006269981777832223,
        0.005595373286332084,
        0.0,
        0.0
      ],
      [
        0.10412091962201697,
        0.10412091962201697,
        0.10412091962201697,
        0.04467249011873986,
        0.0015683418930070303,
        0.0023181304713852935,
        0.0,
        0.0
      ],
      [
        0.17163355630225374,
        0.16865345379770558,
        0.13001717301340743,
        0.05572471394936063,
        0.002333076605564921,
        0.0021277166437154715,
        0.0,
        0.0
      ],
      [
        0.23916740698250427,
        0.22858118552162665,
        0.17784925482258784,
        0.08697161488538718,
        0.013197265710024997,
        0.007560923808213715,
        0.0,
        0.0
      ],
      [
        0.3300411042605478,
        0.33190174051989185,
        0.2801886000630667,
        0.17490168289007268,
        0.053686989000908625,
        0.02820954396977582,
        0.0,
        0.0
      ]
    ]
  ],
  "Cl_offset": [
    [
      [
        -0.00222285241912072,
        -0.0031186038944849715,
        -0.002429373267213049,
        -0.00015516053730495714,
        0.0008160342952393054,
        0.0003584864569122735,
        0.0,
        0.0
      ],
      [
        -0.0006139650465223565,
        -0.002346437806044918,
        -0.002201057554218417,
        -0.00017782429104284785,
        0.0007652619834817836,
        0.0003239480851362341,
        0.0,
        0.0
      ],
      [
        0.002351135131926427,
        -0.0008945347650166531,
        -0.001755394578871805,
        -0.000231444309639027,
        0.0006513160426816749,
        0.0002511327062443402,
        0.0,
        0.0
      ],
      [
        0.006714448116225635,
        0.0012791052285998257,
        -0.001050384341173223,
        -0.00027402059309350815,
        0.0004941964728389734,
        0.00015004032023658784,
        0.0,
        0.0
      ],
      [
        0.01243397390637526,
        0.004132482174804511,
        -0.00012802684112267135,
        -0.0003475531414062795,
        0.0002739032739536816,
        1.067092711297922e-05,
        0.0,
        0.0
      ],
      [
        0.017231712502375308,
        0.005387596073597407,
        -0.0012663220787201453,
        -0.0027300419545773467,
        -0.001145563553974202,
        -0.0007069754731264845,
        0.0,
        0.0
      ]
    ],
    [
      [
        0.00222285241912072,
        0.0031186038944849715,
        0.002429373267213049,
        0.00015516053730495714,
        -0.0008160342952393054,
        -0.0003584864569122735,
        -0.0,
        -0.0
      ],
      [
        0.0006139650465223565,
        0.002346437806044918,
        0.002201057554218417,
        0.00017782429104284785,
        -0.0007652619834817836,
        -0.0003239480851362341,
        -0.0,
        -0.0
      ],
      [
        -0.002351135131926427,
        0.0008945347650166531,
        0.001755394578871805,
        0.000231444309639027,
        -0.0006513160426816749,
        -0.0002511327062443402,
        -0.0,
        -0.0
      ],
      [
        -0.006714448116225635,
        -0.0012791052285998257,
        0.001050384341173223,
        0.00027402059309350815,
        -0.0004941964728389734,
        -0.00015004032023658784,
        -0.0,
        -0.0
      ],
      [
        -0.01243397390637526,
        -0.004132482174804511,
        0.00012802684112267135,
        0.0003475531414062795,
        -0.0002739032739536816,
        -1.067092711297922e-05,
        -0.0,
        -0.0
      ],
      [
        -0.017231712502375308,
        -0.005387596073597407,
        0.0012663220787201453,
        0.0027300419545773467,
        0.001145563553974202,
        0.0007069754731264845,
        -0.0,
        -0.0
      ]
    ]
  ],