{
  "name": "f8",
  "reynolds_number": 1000000.0,
  "mach_number": 0.044,
  "num_iter": 130,
  "n_crit": 9.0,
  "trip_position": [
    1.0,
    1.0
  ],
  "hinge_position": [
    1.0,
    0.0
  ],
  "flap_deflections": [
    0.0
  ],
  "alphas": [
    -0.43633231299858238,
    -0.41887902047863912,
    -0.4014257279586958,
    -0.38397243543875248,
    -0.36651914291880922,
    -0.3490658503988659,
    -0.33161255787892263,
    -0.31415926535897931,
    -0.29670597283903605,
    -0.27925268031909273,
    -0.26179938779914941,
    -0.24434609527920614,
    -0.22689280275926285,
    -0.20943951023931956,
    -0.19198621771937624,
    -0.17453292519943295,
    -0.15707963267948966,
    -0.13962634015954636,
    -0.12217304763960307,
    -0.10471975511965978,
    -0.087266462599716474,
    -0.069813170079773182,
    -0.05235987755982989,
    -0.034906585039886591,
    -0.017453292519943295,
    0.0,
    0.017453292519943295,
    0.034906585039886591,
    0.05235987755982989,
    0.069813170079773182,
    0.087266462599716474,
    0.10471975511965978,
    0.12217304763960307,
    0.13962634015954636,
    0.15707963267948966,
    0.17453292519943295,
    0.19198621771937624,
    0.20943951023931956,
    0.22689280275926285,
    0.24434609527920614,
    0.26179938779914941,
    0.27925268031909273,
    0.29670597283903605,
    0.31415926535897931,
    0.33161255787892263,
    0.3490658503988659,
    0.36651914291880922,
    0.38397243543875248,
    0.4014257279586958,
    0.41887902047863912,
    0.43633231299858238
  ],
  "lift_coeffs": [
    [
      -1.2784,
      -1.2708999999999999,
      -1.2725,
      -1.2790999999999999,
      -1.2955000000000001,
      -1.3334999999999999,
      -1.3829,
      -1.4339999999999999,
      -1.4878,
      -1.5043,
      -1.4881,
      -1.4544999999999999,
      -1.4077999999999999,
      -1.3314999999999999,
      -1.2413000000000001,
      -1.1433,
      -1.0391999999999999,
      -0.9194,
      -0.81850000000000001,
      -0.7077,
      -0.59279999999999999,
      -0.47599999999999998,
      -0.3579,
      -0.23910000000000001,
      -0.1196,
      0.0,
      0.1196,
      0.23910000000000001,
      0.3579,
      0.47599999999999998,
      0.59289999999999998,
      0.70779999999999998,
      0.81859999999999999,
      0.9194,
      1.0392999999999999,
      1.1434,
      1.2416,
      1.3319000000000001,
      1.4085000000000001,
      1.4556,
      1.49,
      1.5064,
      1.4907999999999999,
      1.4363999999999999,
      1.3863000000000001,
      1.3363,
      1.2982,
      1.2814000000000001,
      1.2746,
      1.2729999999999999,
      1.2803
    ]
  ],
  "drag_coeffs": [
    [
      0.19894999999999999,
      0.18518000000000001,
      0.16952,
      0.15326000000000001,
      0.13553999999999999,
      0.11498,
      0.093530000000000002,
      0.072819999999999996,
      0.053089999999999998,
      0.038980000000000001,
      0.029270000000000001,
      0.022800000000000001,
      0.01908,
      0.016670000000000001,
      0.01465,
      0.0129,
      0.01146,
      0.010290000000000001,
      0.0096100000000000005,
      0.0090900000000000009,
      0.0086599999999999993,
      0.0083300000000000006,
      0.0080800000000000004,
      0.00792,
      0.0078200000000000006,
      0.0077799999999999996,
      0.0078200000000000006,
      0.00792,
      0.0080800000000000004,
      0.0083300000000000006,
      0.0086599999999999993,
      0.0090799999999999995,
      0.0096100000000000005,
      0.010290000000000001,
      0.01146,
      0.0129,
      0.01465,
      0.016670000000000001,
      0.01908,
      0.022790000000000001,
      0.029219999999999999,
      0.038929999999999999,
      0.052970000000000003,
      0.072779999999999997,
      0.093380000000000005,
      0.11494,
      0.13553000000000001,
      0.15334999999999999,
      0.16969999999999999,
      0.18546000000000001,
      0.19938
    ]
  ],
  "moment_coeffs": [
    [
      0.070199999999999999,
      0.0591,
      0.047600000000000003,
      0.036799999999999999,
      0.026499999999999999,
      0.0161,
      0.0067999999999999996,
      -0.0011000000000000001,
      -0.0077000000000000002,
      -0.0115,
      -0.013100000000000001,
      -0.011599999999999999,
      -0.0060000000000000001,
      -0.0022000000000000001,
      0.0001,
      0.0016000000000000001,
      0.0023999999999999998,
      0.00029999999999999997,
      0.0032000000000000002,
      0.0038999999999999998,
      0.0038,
      0.0033,
      0.0025999999999999999,
      0.0018,
      0.00089999999999999998,
      -0.0,
      -0.00089999999999999998,
      -0.0018,
      -0.0025999999999999999,
      -0.0033,
      -0.0038,
      -0.0038999999999999998,
      -0.0032000000000000002,
      -0.00029999999999999997,
      -0.0023999999999999998,
      -0.0016000000000000001,
      -0.00020000000000000001,
      0.0020999999999999999,
      0.0057999999999999996,
      0.0114,
      0.0129,
      0.0112,
      0.0074000000000000003,
      0.00069999999999999999,
      -0.0071000000000000004,
      -0.016400000000000001,
      -0.026800000000000001,
      -0.037199999999999997,
      -0.048000000000000001,
      -0.059499999999999997,
      -0.070599999999999996
    ]
  ],
  "hinge_moment_coeffs": [
    [
      0.0,
      0.0,
      0.0,
      0.0,
      0.0,
      0.0,
      0.0,
      0.0,
      0.0,
      0.0,
      0.0,
      0.0,
      0.0,
      0.0,
      0.0,
      0.0,
      0.0,
      0.0,
      0.0,
      0.0,
      0.0,
      0.0,
      0.0,
      0.0,
      0.0,
      0.0,
      0.0,
      0.0,
      0.0,
      0.0,
      0.0,
      0.0,
      0.0,
      0.0,
      0.0,
      0.0,
      0.0,
      0.0,
      0.0,
      0.0,
      0.0,
      0.0,
      0.0,
      0.0,
      0.0,
      0.0,
      0.0,
      0.0,
      0.0,
      0.0,
      0.0
    ]
  ],
  "converged": [
    [
      true,
      true,
      true,
      true,
      true,
      true,
      true,
      true,
      true,
      true,
      true,
      true,
      true,
      true,
      true,
      true,
      true,
      true,
      true,
      false,
      true,
      true,
      true,
      true,
      true,
      true,
      true,
      true,
      true,
      true,
      true,
      true,
      true,
      false,
      true,
      true,
      true,
      true,
      true,
      true,
      true,
      true,
      true,
      true,
      true,
      true,
      true,
      true,
      true,
      true,
      true
    ]
  ]
}