{
  "name": "mp6d",
  "reynolds_number": 1000000.0,
  "mach_number": 0.044,
  "num_iter": 130,
  "n_crit": 5.0,
  "trip_position": [
    1.0,
    1.0
  ],
  "hinge_position": [
    1.0,
    0.0
  ],
  "flap_deflections": [
    0.0
  ],
  "alphas": [
    -0.26179938779914941,
    -0.25656340004316641,
    -0.25132741228718347,
    -0.24609142453120045,
    -0.24085543677521748,
    -0.23561944901923448,
    -0.23038346126325149,
    -0.22514747350726852,
    -0.21991148575128552,
    -0.21467549799530256,
    -0.20943951023931956,
    -0.20420352248333654,
    -0.19896753472735357,
    -0.19373154697137057,
    -0.1884955592153876,
    -0.18325957145940461,
    -0.17802358370342161,
    -0.17278759594743864,
    -0.16755160819145565,
    -0.16231562043547265,
    -0.15707963267948966,
    -0.15184364492350666,
    -0.14660765716752369,
    -0.14137166941154072,
    -0.13613568165555773,
    -0.1308996938995747,
    -0.12566370614359174,
    -0.12042771838760874,
    -0.11519173063162574,
    -0.10995574287564278,
    -0.10471975511965978,
    -0.099483767363676798,
    -0.094247779607693802,
    -0.089011791851710806,
    -0.083775804095727824,
    -0.078539816339744828,
    -0.07330382858376186,
    -0.068067840827778864,
    -0.062831853071795854,
    -0.057595865315812886,
    -0.05235987755982989,
    -0.047123889803846915,
    -0.041887902047863912,
    -0.036651914291880916,
    -0.031415926535897941,
    -0.026179938779914945,
    -0.020943951023931973,
    -0.01570796326794897,
    -0.010471975511966002,
    -0.0052359877559830011,
    0.0,
    0.0052359877559829699,
    0.010471975511965971,
    0.015707963267948943,
    0.020943951023931942,
    0.026179938779914945,
    0.031415926535897941,
    0.036651914291880881,
    0.041887902047863884,
    0.047123889803846887,
    0.05235987755982989,
    0.057595865315812886,
    0.062831853071795826,
    0.068067840827778822,
    0.073303828583761832,
    0.078539816339744828,
    0.083775804095727824,
    0.089011791851710764,
    0.094247779607693774,
    0.09948376736367677,
    0.10471975511965978,
    0.10995574287564278,
    0.11519173063162572,
    0.12042771838760871,
    0.12566370614359171,
    0.1308996938995747,
    0.13613568165555773,
    0.14137166941154067,
    0.14660765716752366,
    0.15184364492350666,
    0.15707963267948966,
    0.16231562043547265,
    0.16755160819145559,
    0.17278759594743859,
    0.17802358370342161,
    0.18325957145940461,
    0.1884955592153876,
    0.19373154697137054,
    0.19896753472735354,
    0.20420352248333654,
    0.20943951023931956,
    0.21467549799530256,
    0.2199114857512855,
    0.22514747350726849,
    0.23038346126325149,
    0.23561944901923448,
    0.24085543677521742,
    0.24609142453120042,
    0.25132741228718342,
    0.25656340004316641,
    0.26179938779914941
  ],
  "lift_coeffs": [
    [
      -1.6543000000000001,
      -1.6548,
      -1.6521999999999999,
      -1.6497999999999999,
      -1.647,
      -1.6415,
      -1.6347,
      -1.6284000000000001,
      -1.6194999999999999,
      -1.6082000000000001,
      -1.5979000000000001,
      -1.5859000000000001,
      -1.5710999999999999,
      -1.5565,
      -1.5408999999999999,
      -1.5227999999999999,
      -1.5047999999999999,
      -1.486,
      -1.4642999999999999,
      -1.4446000000000001,
      -1.4207000000000001,
      -1.3994,
      -1.3738999999999999,
      -1.351,
      -1.3250999999999999,
      -1.3,
      -1.274,
      -1.2463,
      -1.2203999999999999,
      -1.1927000000000001,
      -1.1641999999999999,
      -1.1375,
      -1.1092,
      -1.0799000000000001,
      -1.0525,
      -1.0138,
      -0.98909999999999998,
      -0.95950000000000002,
      -0.93120000000000003,
      -0.9032,
      -0.87409999999999999,
      -0.84360000000000002,
      -0.81240000000000001,
      -0.78220000000000001,
      -0.75090000000000001,
      -0.71889999999999998,
      -0.68630000000000002,
      -0.65490000000000004,
      -0.62309999999999999,
      -0.5907,
      -0.55769999999999997,
      -0.52580000000000005,
      -0.49349999999999999,
      -0.46050000000000002,
      -0.4279,
      -0.39550000000000002,
      -0.3624,
      -0.33000000000000002,
      -0.29720000000000002,
      -0.2641,
      -0.23180000000000001,
      -0.19850000000000001,
      -0.16619999999999999,
      -0.13300000000000001,
      -0.1008,
      -0.067799999999999999,
      -0.035299999999999998,
      -0.0023,
      0.030099999999999998,
      0.062700000000000006,
      0.095699999999999993,
      0.12820000000000001,
      0.161,
      0.19339999999999999,
      0.2258,
      0.25850000000000001,
      0.29099999999999998,
      0.32329999999999998,
      0.35580000000000001,
      0.38800000000000001,
      0.41970000000000002,
      0.4521,
      0.48370000000000002,
      0.51539999999999997,
      0.54679999999999995,
      0.57840000000000003,
      0.60929999999999995,
      0.63949999999999996,
      0.66969999999999996,
      0.69969999999999999,
      0.72899999999999998,
      0.7581,
      0.78600000000000003,
      0.81469999999999998,
      0.84219999999999995,
      0.86890000000000001,
      0.89429999999999998,
      0.91820000000000002,
      0.93959999999999999,
      0.96120000000000005,
      0.97740000000000005
    ]
  ],
  "drag_coeffs": [
    [
      0.044630000000000003,
      0.041619999999999997,
      0.038969999999999998,
      0.036389999999999999,
      0.033910000000000003,
      0.031730000000000001,
      0.02972,
      0.02777,
      0.02605,
      0.024559999999999998,
      0.02307,
      0.021739999999999999,
      0.02061,
      0.01951,
      0.018499999999999999,
      0.017639999999999999,
      0.016799999999999999,
      0.016029999999999999,
      0.01541,
      0.01472,
      0.01423,
      0.013639999999999999,
      0.01324,
      0.01273,
      0.012370000000000001,
      0.011979999999999999,
      0.011639999999999999,
      0.01136,
      0.01102,
      0.01076,
      0.010540000000000001,
      0.01026,
      0.01005,
      0.0098799999999999999,
      0.0096699999999999998,
      0.0095099999999999994,
      0.0095499999999999995,
      0.0095999999999999992,
      0.0095700000000000004,
      0.0095600000000000008,
      0.00958,
      0.0096600000000000002,
      0.0097599999999999996,
      0.0097300000000000008,
      0.0097000000000000003,
      0.0096799999999999994,
      0.0096799999999999994,
      0.0096399999999999993,
      0.0095999999999999992,
      0.0095999999999999992,
      0.0096100000000000005,
      0.0095700000000000004,
      0.0095499999999999995,
      0.0095700000000000004,
      0.0095700000000000004,
      0.0095600000000000008,
      0.0095899999999999996,
      0.0096100000000000005,
      0.0096200000000000001,
      0.0096600000000000002,
      0.0096799999999999994,
      0.0097400000000000004,
      0.0097599999999999996,
      0.0098399999999999998,
      0.0098600000000000007,
      0.0099399999999999992,
      0.01001,
      0.01008,
      0.01018,
      0.01025,
      0.01039,
      0.01048,
      0.01064,
      0.010749999999999999,
      0.01091,
      0.01107,
      0.01124,
      0.01145,
      0.01163,
      0.011849999999999999,
      0.01208,
      0.012319999999999999,
      0.01256,
      0.012869999999999999,
      0.013140000000000001,
      0.013440000000000001,
      0.013769999999999999,
      0.014149999999999999,
      0.01448,
      0.014840000000000001,
      0.01523,
      0.015679999999999999,
      0.01619,
      0.016639999999999999,
      0.017129999999999999,
      0.017680000000000001,
      0.018270000000000002,
      0.018950000000000002,
      0.019730000000000001,
      0.02043,
      0.021180000000000001
    ]
  ],