{
  "name": "oref",
  "flap_deflections": [
    -0.349066, -0.261799, -0.174533, -0.087266,  0.000000,  0.087266,
     0.174533
  ],
  "alphas": [
     0.000000,  0.008727,  0.017453,  0.026180,  0.034907,  0.043633,
     0.052360,  0.061087,  0.069813,  0.078540,  0.087266,  0.095993,
     0.104720,  0.113446,  0.122173,  0.130900,  0.139626,  0.148353,
     0.157080,  0.165806,  0.174533,  0.183260,  0.191986,  0.200713,
     0.209440,  0.218166,  0.226893,  0.235619,  0.244346,  0.253073,
     0.261799,  0.270526,  0.279253,  0.287979,  0.296706,  0.305433,
     0.314159,  0.322886,  0.331613,  0.340339,  0.349066,  0.357792,
     0.366519,  0.375246,  0.383972,  0.392699,  0.401426,  0.410152,
     0.418879,  0.427606,  0.436332
  ],
  "lift_coeffs": [
    [
      -0.377900, -0.322700, -0.265960, -0.209940, -0.153230, -0.095690,
      -0.037230,  0.021900,  0.081620,  0.141820,  0.202420,  0.263350,
       0.324490,  0.385830,  0.447290,  0.508810,  0.570530,  0.632710,
       0.694140,  0.755450,  0.816640,  0.877680,  0.938610,  0.999370,
       1.059960,  1.120360,  1.180590,  1.240560,  1.300310,  1.359810,
       1.419070,  1.477980,  1.536610,  1.594920,  1.652850,  1.710370,
       1.767530,  1.824200,  1.880360,  1.936060,  1.991090,  2.045420,
       2.099140,  2.151650,  2.202930,  2.253080,  2.300870,  2.345510,
       2.383860,  2.399380,  2.382395
    ],
    [
      -0.018780,  0.042020,  0.103100,  0.164400,  0.225910,  0.287550,
       0.349220,  0.410880,  0.472676,  0.534548,  0.596471,  0.658420,
       0.720420,  0.782270,  0.844420,  0.905680,  0.966790,  1.027730,
       1.088520,  1.149110,  1.209520,  1.269700,  1.329710,  1.389440,
       1.448930,  1.508150,  1.567140,  1.625760,  1.684100,  1.742110,
       1.799780,  1.857010,  1.913890,  1.970390,  2.026360,  2.081870,
       2.136950,  2.191360,  2.245200,  2.298520,  2.350960,  2.402680,
       2.453660,  2.503430,  2.552320,  2.599740,  2.645360,  2.689320,
       2.729310,  2.763260,  2.777990
    ],
    [
       0.374690,  0.437000,  0.499290,  0.561560,  0.623780,  0.685910,
       0.747950,  0.809860,  0.871560,  0.933270,  0.995060,  1.056910,
       1.117770,  1.178470,  1.238910,  1.299240,  1.359240,  1.419110,
       1.478630,  1.538020,  1.596980,  1.655810,  1.714200,  1.772440,
       1.830110,  1.887670,  1.944660,  2.001460,  2.057590,  2.113610,
       2.168940,  2.223830,  2.278260,  2.331960,  2.385200,  2.437940,
       2.489890,  2.541110,  2.591720,  2.641270,  2.689910,  2.737710,
       2.784010,  2.829290,  2.872680,  2.914070,  2.953610,  2.989260,
       3.021400,  3.046210,  3.050090
    ],
    [
       0.775920,  0.838030,  0.899930,  0.961660,  1.023250,  1.084650,
       1.145790,  1.207090,  1.268370,  1.328610,  1.388610,  1.448350,
       1.507840,  1.567100,  1.626030,  1.684710,  1.743050,  1.801120,
       1.858790,  1.916180,  1.973170,  2.029810,  2.085990,  2.141840,
       2.197170,  2.252060,  2.306510,  2.360430,  2.413780,  2.466630,
       2.518830,  2.570350,  2.621300,  2.671380,  2.720650,  2.769190,
       2.816540,  2.862960,  2.908100,  2.951670,  2.993960,  3.033860,
       3.071710,  3.106480,  3.136760,  3.157070,  3.169120,  3.175540,
       3.175490,  3.157870,  3.140151
    ],
    [
       1.171140,  1.232090,  1.292740,  1.353358,  1.413940,  1.474460,
       1.533780,  1.592820,  1.651560,  1.709940,  1.768000,  1.825730,
       1.883110,  1.940150,  1.996830,  2.053100,  2.108980,  2.164480,
       2.219520,  2.274110,  2.328270,  2.381910,  2.435020,  2.487630,
       2.539620,  2.591020,  2.641770,  2.691720,  2.740980,  2.789300,
       2.836640,  2.883030,  2.928010,  2.971750,  3.013700,  3.053640,
       3.091410,  3.125430,  3.151620,  3.173290,  3.192920,  3.211270,
       3.224570,  3.235890,  3.245510,  3.246620,  3.242860,  3.230380,
       3.197940,  3.154409,  3.126395
    ],
    [
       1.551620,  1.611080,  1.670450,  1.728420,  1.786060,  1.843340,
       1.900270,  1.956850,  2.013060,  2.068870,  2.124290,  2.179300,
       2.233860,  2.287990,  2.341680,  2.394880,  2.447620,  2.499850,
       2.551490,  2.602560,  2.652970,  2.702590,  2.751410,  2.799170,
       2.845780,  2.891100,  2.934600,  2.976200,  3.015190,  3.048080,
       3.074470,  3.100050,  3.120220,  3.145260,  3.168610,  3.175770,
       3.196520,  3.218230,  3.238890,  3.256650,  3.255290,  3.266210,
       3.277400,  3.284660,  3.272680,  3.270270,  3.244700,  3.200690,
       3.143127,  3.086672,  3.045985
    ],
    [
       1.860830,  1.915070,  1.969480,  2.023920,  2.078240,  2.132390,
       2.186330,  2.240010,  2.293420,  2.346550,  2.399400,  2.451960,
       2.504240,  2.556260,  2.608020,  2.659590,  2.711190,  2.764530,
       2.832020,  2.882700,  2.926750,  2.961950,  2.990400,  3.014170,
       3.040890,  3.067860,  3.078710,  3.100450,  3.127220,  3.154000,
       3.179280,  3.202650,  3.223070,  3.222160,  3.236536,  3.259850,
       3.277020,  3.292120,  3.289170,  3.297050,  3.307080,  3.312990,
       3.301800,  3.301290,  3.283840,  3.260000,  3.212870,  3.150093,
       3.094598,  3.069314,  3.097170
    ]
  ],