{
  "name": "ref",
  "flap_deflections": [
    -0.349066, -0.261799, -0.174533, -0.087266,  0.000000,  0.087266,
     0.174533
  ],
  "alphas": [
     0.000000,  0.008727,  0.017453,  0.026180,  0.034907,  0.043633,
     0.052360,  0.061087,  0.069813,  0.078540,  0.087266,  0.095993,
     0.104720,  0.113446,  0.122173,  0.130900,  0.139626,  0.148353,
     0.157080,  0.165806,  0.174533,  0.183260,  0.191986,  0.200713,
     0.209440,  0.218166,  0.226893,  0.235619,  0.244346,  0.253073,
     0.261799,  0.270526,  0.279253,  0.287979,  0.296706,  0.305433,
     0.314159,  0.322886,  0.331613,  0.340339,  0.349066,  0.357792,
     0.366519,  0.375246,  0.383972,  0.392699,  0.401426,  0.410152,
     0.418879,  0.427606,  0.436332
  ],
  "lift_coeffs": [
    [
      -0.049458,  0.003760,  0.058373,  0.114164,  0.170912,  0.228400,
       0.287320,  0.347170,  0.408110,  0.469740,  0.532070,  0.596990,
       0.663860,  0.726740,  0.789540,  0.851760,  0.913850,  0.975830,
       1.037640,  1.099170,  1.160740,  1.222060,  1.283170,  1.343960,
       1.404900,  1.465310,  1.525500,  1.585620,  1.645520,  1.704750,
       1.763960,  1.823030,  1.881550,  1.939200,  1.997620,  2.054940,
       2.111230,  2.167880,  2.224450,  2.279020,  2.332470,  2.386780,
       2.440080,  2.492680,  2.543650,  2.592610,  2.639880,  2.685560,
       2.728450,  2.768030,  2.018340
    ],
    [
       0.182982,  0.243444,  0.304462,  0.366030,  0.428140,  0.490790,
       0.553770,  0.617230,  0.682046,  0.748110,  0.816080,  0.879200,
       0.942090,  1.004590,  1.066750,  1.128610,  1.190210,  1.251640,
       1.312940,  1.373890,  1.434610,  1.495350,  1.555680,  1.615610,
       1.675530,  1.735160,  1.794310,  1.853070,  1.912030,  1.970210,
       2.027740,  2.085630,  2.142930,  2.199160,  2.255260,  2.311640,
       2.366470,  2.419760,  2.475290,  2.528530,  2.579580,  2.629420,
       2.677780,  2.725120,  2.774600,  2.823190,  2.868800,  2.910770,
       2.948960,  2.982400,  3.006790
    ],
    [
       0.445820,  0.509321,  0.573186,  0.637351,  0.701750,  0.766590,
       0.831480,  0.899290,  0.967830,  1.030980,  1.093830,  1.156410,
       1.218820,  1.280520,  1.341840,  1.403070,  1.463930,  1.524470,
       1.584750,  1.644990,  1.704720,  1.764110,  1.823490,  1.882450,
       1.940830,  1.999080,  2.057190,  2.114580,  2.171180,  2.228470,
       2.284720,  2.339930,  2.395490,  2.450650,  2.504170,  2.557180,
       2.611330,  2.662770,  2.710780,  2.760180,  2.810530,  2.860170,
       2.906930,  2.950790,  2.991860,  3.029740,  3.063420,  3.087490,
       3.100351,  3.097205,  3.073255
    ],
    [
       0.716742,  0.781490,  0.846800,  0.912670,  0.979170,  1.046550,
       1.115610,  1.178530,  1.241130,  1.303630,  1.365790,  1.427660,
       1.489220,  1.549960,  1.610250,  1.670380,  1.730220,  1.789560,
       1.848630,  1.907610,  1.966020,  2.023900,  2.081920,  2.139310,
       2.196070,  2.252630,  2.309040,  2.364430,  2.419260,  2.474520,
       2.528450,  2.580860,  2.634960,  2.687170,  2.736110,  2.788910,
       2.839050,  2.884970,  2.929510,  2.973180,  3.019150,  3.063930,
       3.104130,  3.138270,  3.163020,  3.183580,  3.200330,  3.213020,
       3.221320,  3.224110,  3.219470
    ],
    [
       0.979794,  1.046419,  1.114200,  1.183110,  1.253140,  1.315810,
       1.378210,  1.440340,  1.502010,  1.563320,  1.624480,  1.685190,
       1.745500,  1.805210,  1.864220,  1.922770,  1.981210,  2.039160,
       2.096620,  2.153920,  2.210810,  2.267070,  2.323090,  2.378880,
       2.433790,  2.488240,  2.542770,  2.596070,  2.648600,  2.701630,
       2.752810,  2.802710,  2.853770,  2.901630,  2.948050,  2.996510,
       3.039130,  3.078540,  3.112760,  3.140510,  3.174140,  3.206340,
       3.233670,  3.256280,  3.275140,  3.290270,  3.301180,  3.308160,
       3.310400,  3.306910,  3.295290
    ],
    [
       1.224350,  1.290660,  1.364930,  1.427050,  1.489030,  1.550740,
       1.612290,  1.673490,  1.734200,  1.794600,  1.854720,  1.914480,
       1.973820,  2.032830,  2.090720,  2.148170,  2.205340,  2.262050,
       2.318040,  2.374200,  2.429370,  2.483990,  2.538510,  2.592290,
       2.644670,  2.697970,  2.749520,  2.799850,  2.851160,  2.899960,
       2.946600,  2.994970,  3.038660,  3.077460,  3.117320,  3.148480,
       3.176570,  3.202030,  3.224980,  3.254740,  3.283840,  3.308440,
       3.328160,  3.344090,  3.356910,  3.360160,  3.696490,  3.373620,
       3.370190,  3.362270,  3.343380
    ],
    [
       1.348780,  1.428380,  1.492790,  1.555370,  1.618440,  1.680950,
       1.742880,  1.804160,  1.864940,  1.925170,  1.985000,  2.044240,
       2.103090,  2.161690,  2.219570,  2.276330,  2.332580,  2.387930,
       2.442590,  2.496700,  2.549600,  2.602490,  2.656650,  2.709780,
       2.762540,  2.814610,  2.865200,  2.916110,  2.966550,  3.039320,
       3.080290,  3.109200,  3.145490,  3.179620,  3.205780,  3.235340,
       3.257470,  3.287040,  3.314880,  3.339620,  3.360370,  3.368950,
       3.385670,  3.399990,  3.409581,  3.415690,  3.418130,  3.418900,
       3.412500,  3.391650,  3.364012
    ]
  ],